Section,Subsection,Element Type,Content,Notes
HERO,Header,Label,"BRAYDEN WALLS GLOBAL ADVISORY","Top label - uppercase tracking"
HERO,Header,Headline,"Your Project Deserves to Be Seen.","Main H1 - large font"
HERO,Header,Subheadline,"Regional communities are the backbone of every nation. They deserve to be seen. Built from firsthand experience in regional communities. One purpose: bridging the gap between overlooked regions and global opportunity—giving every community the tools to tell their story, attract investment, and grow.","Hero paragraph"
COMPANY PROFILE,About,Label,"WHO WE ARE","Section label"
COMPANY PROFILE,About,Paragraph 1,"BW Global Advisory is a strategic intelligence firm founded on a single, powerful observation: regional communities around the world are the backbone of their nations, yet they are systematically denied the tools to compete for global investment and partnerships.","First paragraph"
COMPANY PROFILE,About,Paragraph 2,"BWGA wasn't conceived in a boardroom. It was born in a small coastal city on the edge of the Mindanao jungles, from 12 months of firsthand experience watching dedicated regional leaders struggle to be seen. They had vision, drive, and genuine opportunity—but lacked the resources to translate their potential into the language that global investors understand.","Origin story"
COMPANY PROFILE,About,Paragraph 3,"We built this company to change that. Our mission is to level the playing field by giving regional governments, economic development agencies, and local businesses the same strategic firepower that multinational corporations take for granted.","Mission statement"
COMPANY PROFILE,Details,Founder,"Brayden Walls","Founder name"
COMPANY PROFILE,Details,Headquarters,"Melbourne, Australia","Location"
COMPANY PROFILE,Details,Focus,"Regional investment intelligence, cross-border partnership analysis, strategic due diligence","Focus areas"
ORIGIN STORY,Banner,Label,"BORN ON THE EDGE OF WHAT'S POSSIBLE","Section header"
ORIGIN STORY,Banner,Paragraph 1,"BWGA wasn't conceived in a boardroom. It was born in a small coastal city in the Mindanao jungles, from seeing firsthand the immense struggle of regional governments and businesses to be seen. For 12 months, I watched dedicated leaders try to attract investment to a place that, to the outside world, looked just like any other. They had the vision and the drive, but were denied the tools to compete on a global stage.","First paragraph"
ORIGIN STORY,Banner,Paragraph 2,"I realized there was no system, no clear pathway, for these communities to translate their unique potential into a language global investors could understand. So, I decided to build it from the ground up. This platform is the result of that journey—an attempt to change the fundamental imbalance of opportunity.","Second paragraph"
SYSTEM PROFILE,Header,Label,"LIVE AGENTIC INTELLIGENCE — NOT A STATIC TOOL","Badge/label"
SYSTEM PROFILE,Header,Paragraph 1,"What makes this system different is that it was built from a place most are afraid to go—deep inside a regional reality, far from the assumptions of capital cities. It required living there to truly understand the gap between what is thought to be true and what is true.","Differentiator"
SYSTEM PROFILE,NSIL,Paragraph 2,"To solve this, I developed a new Neuro-Symbolic Intelligence Layer (NSIL)—not a static tool, but a live, agentic system that thinks in real-time. It doesn't wait for instructions; it actively reads your inputs, debates options using five expert personas, detects contradictions, stress-tests assumptions, and adapts its analysis as new information emerges.","NSIL description"
SYSTEM PROFILE,NSIL,Paragraph 3,"Powered by a suite of 27 proprietary formulas (including 6 recently developed), NSIL provides a level of live, reactive analytical firepower that has never been accessible to regional players before. This isn't AI that waits to be asked—it's AI that actively works alongside you, understanding context and delivering institutional-grade intelligence in real-time.","Technical power"
SYSTEM PROFILE,Features,Feature 1,"Real-Time Thinking — The system adapts its analysis as you provide new information—no waiting, no re-running.","Feature bullet"
SYSTEM PROFILE,Features,Feature 2,"5-Persona Debate — Every decision is stress-tested by five expert AI personas before a recommendation is made.","Feature bullet"
SYSTEM PROFILE,Features,Feature 3,"Contradiction Detection — The system identifies impossible assumptions before you act on them.","Feature bullet"
SYSTEM PROFILE,Features,Feature 4,"27-Formula Scoring Suite — Quantified, explainable scores for every dimension of your opportunity.","Feature bullet"
SYSTEM PROFILE,Features,Feature 5,"Instant Document Generation — Investment memos, risk assessments, partner briefs—institutional-grade, ready to send.","Feature bullet"
SYSTEM PROFILE,Features,Feature 6,"Full Provenance Chains — Every recommendation is traceable to its inputs, scores, and debate evidence.","Feature bullet"
DESIGNED FOR EVERYONE,Header,Label,"DESIGNED FOR EVERYONE","Section label - orange"
DESIGNED FOR EVERYONE,Header,Headline,"You Don't Need to Be an Expert. You Just Need to Try.","Main headline"
DESIGNED FOR EVERYONE,Content,Left Card,"This system was built for people who know their opportunity but don't have a team of advisers behind them. You answer clear questions about your project. The platform handles the structure, the analysis, and the professional language. Behind the scenes, it runs 27 mathematical formulas and simulates scenarios—but you don't need to understand any of that.","Left column content"
DESIGNED FOR EVERYONE,Content,Right Card,"You just need to show up and be honest about what you're trying to do. This isn't just software—it's a commitment to making sure strong regional projects aren't ignored because they didn't have access to the right tools. Every community deserves a fair chance to be seen, understood, and chosen.","Right column content"
WHO THIS IS BUILT FOR,Header,Label,"WHO THIS IS BUILT FOR","Section label"
WHO THIS IS BUILT FOR,Header,Audience List,"Regional Councils & EDAs · Government Agencies · Businesses & Entrepreneurs · First-Time Exporters","Target audience"
WHO THIS IS BUILT FOR,Content,Description,"If you're driving opportunity outside the major hubs, this is your toolkit. Attract new industries, secure partnerships, expand into new markets, or get investment for your next move—backed by data-driven proposals that rival the big firms.","Value proposition"
HOW IT WORKS,Header,Label,"HOW IT WORKS","Section label"
HOW IT WORKS,Steps,Step 1,"Answer plain-language questions about your project.","First step"
HOW IT WORKS,Steps,Step 2,"Our AI stress-tests your plan with expert personas and scoring algorithms.","Second step"
HOW IT WORKS,Steps,Step 3,"Generate institutional-grade documents—investment memos, risk assessments, partner briefs—ready to send.","Third step"
HOW IT WORKS,Value,Headline,"No consulting fees. No waiting months.","Value headline"
HOW IT WORKS,Value,Description,"What used to cost hundreds of thousands of dollars now takes minutes—with outputs that meet the standards investors and agencies expect to see.","Value description"
KEY BENEFITS,Benefits,Benefit 1,"Institutional-Grade Proposals in Minutes — What used to cost $250,000+ and take months is now accessible in minutes.","Benefit"
KEY BENEFITS,Benefits,Benefit 2,"Auditable Intelligence — Every recommendation is traceable to its inputs, scores, and debate evidence.","Benefit"
KEY BENEFITS,Benefits,Benefit 3,"Global-Ready Positioning — Your regional opportunity, translated into the language investors expect.","Benefit"
KEY BENEFITS,Benefits,Benefit 4,"A Fair Shot — We make sure the best projects—not just the best-connected ones—get the attention they deserve.","Benefit"
SALES PITCH,Closing,Full Pitch,"For too long, the best opportunities have been locked in capital cities. Regional communities have the vision and the drive, but are denied the tools to compete on a global stage. BWGA Intelligence AI changes that. It's a live, agentic system that thinks in real-time—debating options, detecting contradictions, and delivering institutional-grade intelligence in minutes. Powered by 27 proprietary formulas and built from firsthand regional experience, it gives you the strategic firepower of a multinational corporation. Your project deserves to be seen. This makes it happen.","Complete sales pitch"
FOUNDER QUOTE,Quote,Quote Text,"I've watched incredible local leaders work tirelessly, only to be overlooked because they didn't have the resources of major city firms. I built this platform to give them a fair shot—to translate their hard work into the language of opportunity and ensure they are seen, understood, and chosen.","Founder quote"
FOUNDER QUOTE,Quote,Attribution,"— Brayden Walls, Founder","Quote attribution"
